symbol,option_type,maturity_y,maturity_m,maturity_d,strike,calendar,day_count
CSCO,PUT,2022,1,21,70,NY|LON,ACT/365
CSCO,PUT,2022,7,15,70,NY|LON,ACT/365
CSCO,PUT,2022,9,16,70,NY|LON,ACT/365
CSCO,PUT,2022,12,16,70,NY|LON,ACT/365
CSCO,PUT,2022,1,21,90,NY|LON,ACT/365
CSCO,PUT,2022,7,15,90,NY|LON,ACT/365
CSCO,PUT,2022,9,16,90,NY|LON,ACT/365
CSCO,PUT,2022,12,16,90,NY|LON,ACT/365
CSCO,PUT,2022,1,21,100,NY|LON,ACT/365
CSCO,PUT,2022,7,15,100,NY|LON,ACT/365
CSCO,PUT,2022,9,16,100,NY|LON,ACT/365
CSCO,PUT,2022,12,16,100,NY|LON,ACT/365
CSCO,PUT,2022,1,21,110,NY|LON,ACT/365
CSCO,PUT,2022,7,15,110,NY|LON,ACT/365
CSCO,PUT,2022,9,16,110,NY|LON,ACT/365
CSCO,PUT,2022,12,16,110,NY|LON,ACT/365
CSCO,PUT,2022,1,21,130,NY|LON,ACT/365
CSCO,PUT,2022,7,15,130,NY|LON,ACT/365
CSCO,PUT,2022,9,16,130,NY|LON,ACT/365
CSCO,PUT,2022,12,16,130,NY|LON,ACT/365
CSCO,CALL,2022,1,21,70,NY|LON,ACT/365
CSCO,CALL,2022,7,15,70,NY|LON,ACT/365
CSCO,CALL,2022,9,16,70,NY|LON,ACT/365
CSCO,CALL,2022,12,16,70,NY|LON,ACT/365
CSCO,CALL,2022,1,21,90,NY|LON,ACT/365
CSCO,CALL,2022,7,15,90,NY|LON,ACT/365
CSCO,CALL,2022,9,16,90,NY|LON,ACT/365
CSCO,CALL,2022,12,16,90,NY|LON,ACT/365
CSCO,CALL,2022,1,21,100,NY|LON,ACT/365
CSCO,CALL,2022,7,15,100,NY|LON,ACT/365
CSCO,CALL,2022,9,16,100,NY|LON,ACT/365
CSCO,CALL,2022,12,16,100,NY|LON,ACT/365
CSCO,CALL,2022,1,21,110,NY|LON,ACT/365
CSCO,CALL,2022,7,15,110,NY|LON,ACT/365
CSCO,CALL,2022,9,16,110,NY|LON,ACT/365
CSCO,CALL,2022,12,16,110,NY|LON,ACT/365
CSCO,CALL,2022,1,21,130,NY|LON,ACT/365
CSCO,CALL,2022,7,15,130,NY|LON,ACT/365
CSCO,CALL,2022,9,16,130,NY|LON,ACT/365
CSCO,CALL,2022,12,16,130,NY|LON,ACT/365
AAPL,PUT,2022,1,21,300,NY|LON,ACT/365
AAPL,PUT,2022,7,15,300,NY|LON,ACT/365
AAPL,PUT,2022,9,16,300,NY|LON,ACT/365
AAPL,PUT,2022,12,16,300,NY|LON,ACT/365
AAPL,PUT,2022,1,21,320,NY|LON,ACT/365
AAPL,PUT,2022,7,15,320,NY|LON,ACT/365
AAPL,PUT,2022,9,16,320,NY|LON,ACT/365
AAPL,PUT,2022,12,16,320,NY|LON,ACT/365
AAPL,PUT,2022,1,21,350,NY|LON,ACT/365
AAPL,PUT,2022,7,15,350,NY|LON,ACT/365
AAPL,PUT,2022,9,16,350,NY|LON,ACT/365
AAPL,PUT,2022,12,16,350,NY|LON,ACT/365
AAPL,PUT,2022,1,21,280,NY|LON,ACT/365
AAPL,PUT,2022,7,15,280,NY|LON,ACT/365
AAPL,PUT,2022,9,16,280,NY|LON,ACT/365
AAPL,PUT,2022,12,16,280,NY|LON,ACT/365
AAPL,PUT,2022,1,21,250,NY|LON,ACT/365
AAPL,PUT,2022,7,15,250,NY|LON,ACT/365
AAPL,PUT,2022,9,16,250,NY|LON,ACT/365
AAPL,PUT,2022,12,16,250,NY|LON,ACT/365
AAPL,CALL,2022,1,21,300,NY|LON,ACT/365
AAPL,CALL,2022,7,15,300,NY|LON,ACT/365
AAPL,CALL,2022,9,16,300,NY|LON,ACT/365
AAPL,CALL,2022,12,16,300,NY|LON,ACT/365
AAPL,CALL,2022,1,21,320,NY|LON,ACT/365
AAPL,CALL,2022,7,15,320,NY|LON,ACT/365
AAPL,CALL,2022,9,16,320,NY|LON,ACT/365
AAPL,CALL,2022,12,16,320,NY|LON,ACT/365
AAPL,CALL,2022,1,21,350,NY|LON,ACT/365
AAPL,CALL,2022,7,15,350,NY|LON,ACT/365
AAPL,CALL,2022,9,16,350,NY|LON,ACT/365
AAPL,CALL,2022,12,16,350,NY|LON,ACT/365
AAPL,CALL,2022,1,21,280,NY|LON,ACT/365
AAPL,CALL,2022,7,15,280,NY|LON,ACT/365
AAPL,CALL,2022,9,16,280,NY|LON,ACT/365
AAPL,CALL,2022,12,16,280,NY|LON,ACT/365
AAPL,CALL,2022,1,21,250,NY|LON,ACT/365
AAPL,CALL,2022,7,15,250,NY|LON,ACT/365
AAPL,CALL,2022,9,16,250,NY|LON,ACT/365
AAPL,CALL,2022,12,16,250,NY|LON,ACT/365
NFLX,PUT,2022,1,21,70,NY|LON,ACT/365
NFLX,PUT,2022,7,15,70,NY|LON,ACT/365
NFLX,PUT,2022,9,16,70,NY|LON,ACT/365
NFLX,PUT,2022,12,16,70,NY|LON,ACT/365
NFLX,PUT,2022,1,21,90,NY|LON,ACT/365
NFLX,PUT,2022,7,15,90,NY|LON,ACT/365
NFLX,PUT,2022,9,16,90,NY|LON,ACT/365
NFLX,PUT,2022,12,16,90,NY|LON,ACT/365
NFLX,PUT,2022,1,21,100,NY|LON,ACT/365
NFLX,PUT,2022,7,15,100,NY|LON,ACT/365
NFLX,PUT,2022,9,16,100,NY|LON,ACT/365
NFLX,PUT,2022,12,16,100,NY|LON,ACT/365
NFLX,PUT,2022,1,21,110,NY|LON,ACT/365
NFLX,PUT,2022,7,15,110,NY|LON,ACT/365
NFLX,PUT,2022,9,16,110,NY|LON,ACT/365
NFLX,PUT,2022,12,16,110,NY|LON,ACT/365
NFLX,PUT,2022,1,21,130,NY|LON,ACT/365
NFLX,PUT,2022,7,15,130,NY|LON,ACT/365
NFLX,PUT,2022,9,16,130,NY|LON,ACT/365
NFLX,PUT,2022,12,16,130,NY|LON,ACT/365
NFLX,CALL,2022,1,21,70,NY|LON,ACT/365
NFLX,CALL,2022,7,15,70,NY|LON,ACT/365
NFLX,CALL,2022,9,16,70,NY|LON,ACT/365
NFLX,CALL,2022,12,16,70,NY|LON,ACT/365
NFLX,CALL,2022,1,21,90,NY|LON,ACT/365
NFLX,CALL,2022,7,15,90,NY|LON,ACT/365
NFLX,CALL,2022,9,16,90,NY|LON,ACT/365
NFLX,CALL,2022,12,16,90,NY|LON,ACT/365
NFLX,CALL,2022,1,21,100,NY|LON,ACT/365
NFLX,CALL,2022,7,15,100,NY|LON,ACT/365
NFLX,CALL,2022,9,16,100,NY|LON,ACT/365
NFLX,CALL,2022,12,16,100,NY|LON,ACT/365
NFLX,CALL,2022,1,21,110,NY|LON,ACT/365
NFLX,CALL,2022,7,15,110,NY|LON,ACT/365
NFLX,CALL,2022,9,16,110,NY|LON,ACT/365
NFLX,CALL,2022,12,16,110,NY|LON,ACT/365
NFLX,CALL,2022,1,21,130,NY|LON,ACT/365
NFLX,CALL,2022,7,15,130,NY|LON,ACT/365
NFLX,CALL,2022,9,16,130,NY|LON,ACT/365
NFLX,CALL,2022,12,16,130,NY|LON,ACT/365
AMD,PUT,2022,1,21,15,NY|LON,ACT/365
AMD,PUT,2022,7,15,15,NY|LON,ACT/365
AMD,PUT,2022,9,16,15,NY|LON,ACT/365
AMD,PUT,2022,12,16,15,NY|LON,ACT/365
AMD,PUT,2022,1,21,20,NY|LON,ACT/365
AMD,PUT,2022,7,15,20,NY|LON,ACT/365
AMD,PUT,2022,9,16,20,NY|LON,ACT/365
AMD,PUT,2022,12,16,20,NY|LON,ACT/365
AMD,PUT,2022,1,21,30,NY|LON,ACT/365
AMD,PUT,2022,7,15,30,NY|LON,ACT/365
AMD,PUT,2022,9,16,30,NY|LON,ACT/365
AMD,PUT,2022,12,16,30,NY|LON,ACT/365
AMD,PUT,2022,1,21,40,NY|LON,ACT/365
AMD,PUT,2022,7,15,40,NY|LON,ACT/365
AMD,PUT,2022,9,16,40,NY|LON,ACT/365
AMD,PUT,2022,12,16,40,NY|LON,ACT/365
AMD,PUT,2022,1,21,50,NY|LON,ACT/365
AMD,PUT,2022,7,15,50,NY|LON,ACT/365
AMD,PUT,2022,9,16,50,NY|LON,ACT/365
AMD,PUT,2022,12,16,50,NY|LON,ACT/365
AMD,CALL,2022,1,21,15,NY|LON,ACT/365
AMD,CALL,2022,7,15,15,NY|LON,ACT/365
AMD,CALL,2022,9,16,15,NY|LON,ACT/365
AMD,CALL,2022,12,16,15,NY|LON,ACT/365
AMD,CALL,2022,1,21,20,NY|LON,ACT/365
AMD,CALL,2022,7,15,20,NY|LON,ACT/365
AMD,CALL,2022,9,16,20,NY|LON,ACT/365
AMD,CALL,2022,12,16,20,NY|LON,ACT/365
AMD,CALL,2022,1,21,30,NY|LON,ACT/365
AMD,CALL,2022,7,15,30,NY|LON,ACT/365
AMD,CALL,2022,9,16,30,NY|LON,ACT/365
AMD,CALL,2022,12,16,30,NY|LON,ACT/365
AMD,CALL,2022,1,21,40,NY|LON,ACT/365
AMD,CALL,2022,7,15,40,NY|LON,ACT/365
AMD,CALL,2022,9,16,40,NY|LON,ACT/365
AMD,CALL,2022,12,16,40,NY|LON,ACT/365
AMD,CALL,2022,1,21,50,NY|LON,ACT/365
AMD,CALL,2022,7,15,50,NY|LON,ACT/365
AMD,CALL,2022,9,16,50,NY|LON,ACT/365
AMD,CALL,2022,12,16,50,NY|LON,ACT/365
AIG,PUT,2022,1,21,70,NY|LON,ACT/365
AIG,PUT,2022,7,15,70,NY|LON,ACT/365
AIG,PUT,2022,9,16,70,NY|LON,ACT/365
AIG,PUT,2022,12,16,70,NY|LON,ACT/365
AIG,PUT,2022,1,21,90,NY|LON,ACT/365
AIG,PUT,2022,7,15,90,NY|LON,ACT/365
AIG,PUT,2022,9,16,90,NY|LON,ACT/365
AIG,PUT,2022,12,16,90,NY|LON,ACT/365
AIG,PUT,2022,1,21,100,NY|LON,ACT/365
AIG,PUT,2022,7,15,100,NY|LON,ACT/365
AIG,PUT,2022,9,16,100,NY|LON,ACT/365
AIG,PUT,2022,12,16,100,NY|LON,ACT/365
AIG,PUT,2022,1,21,110,NY|LON,ACT/365
AIG,PUT,2022,7,15,110,NY|LON,ACT/365
AIG,PUT,2022,9,16,110,NY|LON,ACT/365
AIG,PUT,2022,12,16,110,NY|LON,ACT/365
AIG,PUT,2022,1,21,130,NY|LON,ACT/365
AIG,PUT,2022,7,15,130,NY|LON,ACT/365
AIG,PUT,2022,9,16,130,NY|LON,ACT/365
AIG,PUT,2022,12,16,130,NY|LON,ACT/365
AIG,CALL,2022,1,21,70,NY|LON,ACT/365
AIG,CALL,2022,7,15,70,NY|LON,ACT/365
AIG,CALL,2022,9,16,70,NY|LON,ACT/365
AIG,CALL,2022,12,16,70,NY|LON,ACT/365
AIG,CALL,2022,1,21,90,NY|LON,ACT/365
AIG,CALL,2022,7,15,90,NY|LON,ACT/365
AIG,CALL,2022,9,16,90,NY|LON,ACT/365
AIG,CALL,2022,12,16,90,NY|LON,ACT/365
AIG,CALL,2022,1,21,100,NY|LON,ACT/365
AIG,CALL,2022,7,15,100,NY|LON,ACT/365
AIG,CALL,2022,9,16,100,NY|LON,ACT/365
AIG,CALL,2022,12,16,100,NY|LON,ACT/365
AIG,CALL,2022,1,21,110,NY|LON,ACT/365
AIG,CALL,2022,7,15,110,NY|LON,ACT/365
AIG,CALL,2022,9,16,110,NY|LON,ACT/365
AIG,CALL,2022,12,16,110,NY|LON,ACT/365
AIG,CALL,2022,1,21,130,NY|LON,ACT/365
AIG,CALL,2022,7,15,130,NY|LON,ACT/365
AIG,CALL,2022,9,16,130,NY|LON,ACT/365
AIG,CALL,2022,12,16,130,NY|LON,ACT/365
NVDA,PUT,2022,1,21,70,NY|LON,ACT/365
NVDA,PUT,2022,7,15,70,NY|LON,ACT/365
NVDA,PUT,2022,9,16,70,NY|LON,ACT/365
NVDA,PUT,2022,12,16,70,NY|LON,ACT/365
NVDA,PUT,2022,1,21,90,NY|LON,ACT/365
NVDA,PUT,2022,7,15,90,NY|LON,ACT/365
NVDA,PUT,2022,9,16,90,NY|LON,ACT/365
NVDA,PUT,2022,12,16,90,NY|LON,ACT/365
NVDA,PUT,2022,1,21,100,NY|LON,ACT/365
NVDA,PUT,2022,7,15,100,NY|LON,ACT/365
NVDA,PUT,2022,9,16,100,NY|LON,ACT/365
NVDA,PUT,2022,12,16,100,NY|LON,ACT/365
NVDA,PUT,2022,1,21,110,NY|LON,ACT/365
NVDA,PUT,2022,7,15,110,NY|LON,ACT/365
NVDA,PUT,2022,9,16,110,NY|LON,ACT/365
NVDA,PUT,2022,12,16,110,NY|LON,ACT/365
NVDA,PUT,2022,1,21,130,NY|LON,ACT/365
NVDA,PUT,2022,7,15,130,NY|LON,ACT/365
NVDA,PUT,2022,9,16,130,NY|LON,ACT/365
NVDA,PUT,2022,12,16,130,NY|LON,ACT/365
NVDA,CALL,2022,1,21,70,NY|LON,ACT/365
NVDA,CALL,2022,7,15,70,NY|LON,ACT/365
NVDA,CALL,2022,9,16,70,NY|LON,ACT/365
NVDA,CALL,2022,12,16,70,NY|LON,ACT/365
NVDA,CALL,2022,1,21,90,NY|LON,ACT/365
NVDA,CALL,2022,7,15,90,NY|LON,ACT/365
NVDA,CALL,2022,9,16,90,NY|LON,ACT/365
NVDA,CALL,2022,12,16,90,NY|LON,ACT/365
NVDA,CALL,2022,1,21,100,NY|LON,ACT/365
NVDA,CALL,2022,7,15,100,NY|LON,ACT/365
NVDA,CALL,2022,9,16,100,NY|LON,ACT/365
NVDA,CALL,2022,12,16,100,NY|LON,ACT/365
NVDA,CALL,2022,1,21,110,NY|LON,ACT/365
NVDA,CALL,2022,7,15,110,NY|LON,ACT/365
NVDA,CALL,2022,9,16,110,NY|LON,ACT/365
NVDA,CALL,2022,12,16,110,NY|LON,ACT/365
NVDA,CALL,2022,1,21,130,NY|LON,ACT/365
NVDA,CALL,2022,7,15,130,NY|LON,ACT/365
NVDA,CALL,2022,9,16,130,NY|LON,ACT/365
NVDA,CALL,2022,12,16,130,NY|LON,ACT/365
MSFT,PUT,2022,1,21,70,NY|LON,ACT/365
MSFT,PUT,2022,7,15,70,NY|LON,ACT/365
MSFT,PUT,2022,9,16,70,NY|LON,ACT/365
MSFT,PUT,2022,12,16,70,NY|LON,ACT/365
MSFT,PUT,2022,1,21,90,NY|LON,ACT/365
MSFT,PUT,2022,7,15,90,NY|LON,ACT/365
MSFT,PUT,2022,9,16,90,NY|LON,ACT/365
MSFT,PUT,2022,12,16,90,NY|LON,ACT/365
MSFT,PUT,2022,1,21,100,NY|LON,ACT/365
MSFT,PUT,2022,7,15,100,NY|LON,ACT/365
MSFT,PUT,2022,9,16,100,NY|LON,ACT/365
MSFT,PUT,2022,12,16,100,NY|LON,ACT/365
MSFT,PUT,2022,1,21,110,NY|LON,ACT/365
MSFT,PUT,2022,7,15,110,NY|LON,ACT/365
MSFT,PUT,2022,9,16,110,NY|LON,ACT/365
MSFT,PUT,2022,12,16,110,NY|LON,ACT/365
MSFT,PUT,2022,1,21,130,NY|LON,ACT/365
MSFT,PUT,2022,7,15,130,NY|LON,ACT/365
MSFT,PUT,2022,9,16,130,NY|LON,ACT/365
MSFT,PUT,2022,12,16,130,NY|LON,ACT/365
MSFT,CALL,2022,1,21,70,NY|LON,ACT/365
MSFT,CALL,2022,7,15,70,NY|LON,ACT/365
MSFT,CALL,2022,9,16,70,NY|LON,ACT/365
MSFT,CALL,2022,12,16,70,NY|LON,ACT/365
MSFT,CALL,2022,1,21,90,NY|LON,ACT/365
MSFT,CALL,2022,7,15,90,NY|LON,ACT/365
MSFT,CALL,2022,9,16,90,NY|LON,ACT/365
MSFT,CALL,2022,12,16,90,NY|LON,ACT/365
MSFT,CALL,2022,1,21,100,NY|LON,ACT/365
MSFT,CALL,2022,7,15,100,NY|LON,ACT/365
MSFT,CALL,2022,9,16,100,NY|LON,ACT/365
MSFT,CALL,2022,12,16,100,NY|LON,ACT/365
MSFT,CALL,2022,1,21,110,NY|LON,ACT/365
MSFT,CALL,2022,7,15,110,NY|LON,ACT/365
MSFT,CALL,2022,9,16,110,NY|LON,ACT/365
MSFT,CALL,2022,12,16,110,NY|LON,ACT/365
MSFT,CALL,2022,1,21,130,NY|LON,ACT/365
MSFT,CALL,2022,7,15,130,NY|LON,ACT/365
MSFT,CALL,2022,9,16,130,NY|LON,ACT/365
MSFT,CALL,2022,12,16,130,NY|LON,ACT/365
ACN,PUT,2022,1,21,160,NY|LON,ACT/365
ACN,PUT,2022,7,15,160,NY|LON,ACT/365
ACN,PUT,2022,9,16,160,NY|LON,ACT/365
ACN,PUT,2022,12,16,160,NY|LON,ACT/365
ACN,PUT,2022,1,21,180,NY|LON,ACT/365
ACN,PUT,2022,7,15,180,NY|LON,ACT/365
ACN,PUT,2022,9,16,180,NY|LON,ACT/365
ACN,PUT,2022,12,16,180,NY|LON,ACT/365
ACN,PUT,2022,1,21,200,NY|LON,ACT/365
ACN,PUT,2022,7,15,200,NY|LON,ACT/365
ACN,PUT,2022,9,16,200,NY|LON,ACT/365
ACN,PUT,2022,12,16,200,NY|LON,ACT/365
ACN,PUT,2022,1,21,220,NY|LON,ACT/365
ACN,PUT,2022,7,15,220,NY|LON,ACT/365
ACN,PUT,2022,9,16,220,NY|LON,ACT/365
ACN,PUT,2022,12,16,220,NY|LON,ACT/365
ACN,PUT,2022,1,21,240,NY|LON,ACT/365
ACN,PUT,2022,7,15,240,NY|LON,ACT/365
ACN,PUT,2022,9,16,240,NY|LON,ACT/365
ACN,PUT,2022,12,16,240,NY|LON,ACT/365
ACN,CALL,2022,1,21,160,NY|LON,ACT/365
ACN,CALL,2022,7,15,160,NY|LON,ACT/365
ACN,CALL,2022,9,16,160,NY|LON,ACT/365
ACN,CALL,2022,12,16,160,NY|LON,ACT/365
ACN,CALL,2022,1,21,180,NY|LON,ACT/365
ACN,CALL,2022,7,15,180,NY|LON,ACT/365
ACN,CALL,2022,9,16,180,NY|LON,ACT/365
ACN,CALL,2022,12,16,180,NY|LON,ACT/365
ACN,CALL,2022,1,21,200,NY|LON,ACT/365
ACN,CALL,2022,7,15,200,NY|LON,ACT/365
ACN,CALL,2022,9,16,200,NY|LON,ACT/365
ACN,CALL,2022,12,16,200,NY|LON,ACT/365
ACN,CALL,2022,1,21,220,NY|LON,ACT/365
ACN,CALL,2022,7,15,220,NY|LON,ACT/365
ACN,CALL,2022,9,16,220,NY|LON,ACT/365
ACN,CALL,2022,12,16,220,NY|LON,ACT/365
ACN,CALL,2022,1,21,240,NY|LON,ACT/365
ACN,CALL,2022,7,15,240,NY|LON,ACT/365
ACN,CALL,2022,9,16,240,NY|LON,ACT/365
ACN,CALL,2022,12,16,240,NY|LON,ACT/365
FB,PUT,2022,1,21,160,NY|LON,ACT/365
FB,PUT,2022,7,15,160,NY|LON,ACT/365
FB,PUT,2022,9,16,160,NY|LON,ACT/365
FB,PUT,2022,12,16,160,NY|LON,ACT/365
FB,PUT,2022,1,21,180,NY|LON,ACT/365
FB,PUT,2022,7,15,180,NY|LON,ACT/365
FB,PUT,2022,9,16,180,NY|LON,ACT/365
FB,PUT,2022,12,16,180,NY|LON,ACT/365
FB,PUT,2022,1,21,200,NY|LON,ACT/365
FB,PUT,2022,7,15,200,NY|LON,ACT/365
FB,PUT,2022,9,16,200,NY|LON,ACT/365
FB,PUT,2022,12,16,200,NY|LON,ACT/365
FB,PUT,2022,1,21,220,NY|LON,ACT/365
FB,PUT,2022,7,15,220,NY|LON,ACT/365
FB,PUT,2022,9,16,220,NY|LON,ACT/365
FB,PUT,2022,12,16,220,NY|LON,ACT/365
FB,PUT,2022,1,21,240,NY|LON,ACT/365
FB,PUT,2022,7,15,240,NY|LON,ACT/365
FB,PUT,2022,9,16,240,NY|LON,ACT/365
FB,PUT,2022,12,16,240,NY|LON,ACT/365
FB,CALL,2022,1,21,160,NY|LON,ACT/365
FB,CALL,2022,7,15,160,NY|LON,ACT/365
FB,CALL,2022,9,16,160,NY|LON,ACT/365
FB,CALL,2022,12,16,160,NY|LON,ACT/365
FB,CALL,2022,1,21,180,NY|LON,ACT/365
FB,CALL,2022,7,15,180,NY|LON,ACT/365
FB,CALL,2022,9,16,180,NY|LON,ACT/365
FB,CALL,2022,12,16,180,NY|LON,ACT/365
FB,CALL,2022,1,21,200,NY|LON,ACT/365
FB,CALL,2022,7,15,200,NY|LON,ACT/365
FB,CALL,2022,9,16,200,NY|LON,ACT/365
FB,CALL,2022,12,16,200,NY|LON,ACT/365
FB,CALL,2022,1,21,220,NY|LON,ACT/365
FB,CALL,2022,7,15,220,NY|LON,ACT/365
FB,CALL,2022,9,16,220,NY|LON,ACT/365
FB,CALL,2022,12,16,220,NY|LON,ACT/365
FB,CALL,2022,1,21,240,NY|LON,ACT/365
FB,CALL,2022,7,15,240,NY|LON,ACT/365
FB,CALL,2022,9,16,240,NY|LON,ACT/365
FB,CALL,2022,12,16,240,NY|LON,ACT/365
TSLA,PUT,2022,1,21,70,NY|LON,ACT/365
TSLA,PUT,2022,7,15,70,NY|LON,ACT/365
TSLA,PUT,2022,9,16,70,NY|LON,ACT/365
TSLA,PUT,2022,12,16,70,NY|LON,ACT/365
TSLA,PUT,2022,1,21,90,NY|LON,ACT/365
TSLA,PUT,2022,7,15,90,NY|LON,ACT/365
TSLA,PUT,2022,9,16,90,NY|LON,ACT/365
TSLA,PUT,2022,12,16,90,NY|LON,ACT/365
TSLA,PUT,2022,1,21,100,NY|LON,ACT/365
TSLA,PUT,2022,7,15,100,NY|LON,ACT/365
TSLA,PUT,2022,9,16,100,NY|LON,ACT/365
TSLA,PUT,2022,12,16,100,NY|LON,ACT/365
TSLA,PUT,2022,1,21,110,NY|LON,ACT/365
TSLA,PUT,2022,7,15,110,NY|LON,ACT/365
TSLA,PUT,2022,9,16,110,NY|LON,ACT/365
TSLA,PUT,2022,12,16,110,NY|LON,ACT/365
TSLA,PUT,2022,1,21,130,NY|LON,ACT/365
TSLA,PUT,2022,7,15,130,NY|LON,ACT/365
TSLA,PUT,2022,9,16,130,NY|LON,ACT/365
TSLA,PUT,2022,12,16,130,NY|LON,ACT/365
TSLA,CALL,2022,1,21,70,NY|LON,ACT/365
TSLA,CALL,2022,7,15,70,NY|LON,ACT/365
TSLA,CALL,2022,9,16,70,NY|LON,ACT/365
TSLA,CALL,2022,12,16,70,NY|LON,ACT/365
TSLA,CALL,2022,1,21,90,NY|LON,ACT/365
TSLA,CALL,2022,7,15,90,NY|LON,ACT/365
TSLA,CALL,2022,9,16,90,NY|LON,ACT/365
TSLA,CALL,2022,12,16,90,NY|LON,ACT/365
TSLA,CALL,2022,1,21,100,NY|LON,ACT/365
TSLA,CALL,2022,7,15,100,NY|LON,ACT/365
TSLA,CALL,2022,9,16,100,NY|LON,ACT/365
TSLA,CALL,2022,12,16,100,NY|LON,ACT/365
TSLA,CALL,2022,1,21,110,NY|LON,ACT/365
TSLA,CALL,2022,7,15,110,NY|LON,ACT/365
TSLA,CALL,2022,9,16,110,NY|LON,ACT/365
TSLA,CALL,2022,12,16,110,NY|LON,ACT/365
TSLA,CALL,2022,1,21,130,NY|LON,ACT/365
TSLA,CALL,2022,7,15,130,NY|LON,ACT/365
TSLA,CALL,2022,9,16,130,NY|LON,ACT/365
TSLA,CALL,2022,12,16,130,NY|LON,ACT/365
